{"validation_0": {"logloss": [0.5449355498808931, 0.45929177507392716, 0.40682061067312875, 0.37288170322085595, 0.34939173777519195, 0.3303092076298489, 0.3176894491634837, 0.30485347569577537, 0.2961146484433016, 0.28961630306163505, 0.2840974302163455, 0.27922450822628325, 0.27347018522257527, 0.27283911381870996, 0.2692532073796793, 0.2656215518550904, 0.2630716010466458, 0.25687265601335857, 0.2552259603375805, 0.2536572756640894, 0.25148279085637265, 0.24969850891761097, 0.24679899762128607, 0.2462859727745674, 0.24442078026564876, 0.24382875545384305, 0.24200012714396502], "error": [0.1307901907356948, 0.1307901907356948, 0.1307901907356948, 0.1226158038147139, 0.11716621253405994, 0.11716621253405994, 0.11444141689373297, 0.11444141689373297, 0.11307901907356949, 0.11307901907356949, 0.11307901907356949, 0.11035422343324251, 0.10899182561307902, 0.10899182561307902, 0.10899182561307902, 0.10626702997275204, 0.10762942779291552, 0.10626702997275204, 0.10762942779291552, 0.10899182561307902, 0.10217983651226158, 0.10217983651226158, 0.10217983651226158, 0.10217983651226158, 0.10217983651226158, 0.0994550408719346, 0.09809264305177112], "auc": [0.8923395916879329, 0.9183261939482319, 0.925803560578442, 0.926008628022846, 0.93506577348402, 0.9390418033782962, 0.9415557783448779, 0.9452621825252157, 0.9470394337100498, 0.9480685684773362, 0.9488280775306842, 0.9501230404666423, 0.9508939421557905, 0.9520863713695468, 0.9530699355936323, 0.9547446530562644, 0.9553978308421437, 0.9572168550249119, 0.9581472536152631, 0.958978916028679, 0.959810578442095, 0.9604105905942398, 0.9620207497873374, 0.9625220257625471, 0.9628751974723538, 0.9635511605298335, 0.9640676266861101], "aucpr": [0.8847908641999498, 0.9143817193372232, 0.9203731177825688, 0.9204683798232367, 0.9371292580366914, 0.9412560821982661, 0.9463454384901872, 0.9522642706924409, 0.9538897809252286, 0.9549030835633586, 0.9562630528532533, 0.9578206440934592, 0.9584985632281477, 0.9601262886190867, 0.9612213238896115, 0.9630380237214383, 0.9637298359000973, 0.9656847979307476, 0.966296452837355, 0.966935706706338, 0.9676068449393107, 0.968616882688692, 0.9703816325220973, 0.970948773021602, 0.9712008717991475, 0.9717206090631463, 0.9721931694855556]}, "validation_1": {"logloss": [0.6138175933257394, 0.589599174649819, 0.5640317204853763, 0.5538921953867311, 0.5257456858196984, 0.5136435021362875, 0.5058299653718005, 0.4988753370859701, 0.48772026055856893, 0.48657576361185184, 0.482944017721583, 0.4855036192128192, 0.4813829339432034, 0.47666996543336176, 0.4696397492763303, 0.4609467039952743, 0.46041189522846887, 0.46061956073643395, 0.45890742094438197, 0.46096916046277014, 0.45931030531431566, 0.45609420053069305, 0.4557353997547382, 0.4541060829398465, 0.45060851442647853, 0.4488526576315053, 0.45001942663372535], "error": [0.31521739130434784, 0.31521739130434784, 0.31521739130434784, 0.31521739130434784, 0.2826086956521739, 0.2826086956521739, 0.2826086956521739, 0.2826086956521739, 0.2608695652173913, 0.2608695652173913, 0.2826086956521739, 0.2608695652173913, 0.2608695652173913, 0.2608695652173913, 0.2608695652173913, 0.2608695652173913, 0.2608695652173913, 0.2717391304347826, 0.2717391304347826, 0.2717391304347826, 0.25, 0.25, 0.2391304347826087, 0.2391304347826087, 0.25, 0.2391304347826087, 0.25], "auc": [0.7521428571428571, 0.7919047619047619, 0.8042857142857143, 0.8080952380952381, 0.8326190476190476, 0.8364285714285714, 0.8369047619047619, 0.8442857142857143, 0.855, 0.8552380952380952, 0.8590476190476191, 0.8566666666666667, 0.856904761904762, 0.8592857142857143, 0.8607142857142858, 0.8664285714285714, 0.8673809523809524, 0.8635714285714285, 0.8626190476190476, 0.8564285714285714, 0.8573809523809524, 0.8597619047619047, 0.8602380952380952, 0.8597619047619047, 0.8616666666666667, 0.8616666666666667, 0.8616666666666667], "aucpr": [0.7032031443093104, 0.8253963464107749, 0.8226854897943026, 0.8268742618661133, 0.8455406318337388, 0.8493462776789085, 0.8474787181904614, 0.8567313135317447, 0.8648332736625268, 0.8649340159510479, 0.8699804908271399, 0.8660154349671657, 0.8655759482297573, 0.8678797703731691, 0.8687508076847519, 0.8772332861086627, 0.8776229947470013, 0.8731831589490944, 0.873475414406863, 0.8624889497439374, 0.8649330757520494, 0.8673147866710355, 0.8676873020010797, 0.8667529029032155, 0.8690263906465142, 0.8698515123617, 0.8693117987998381]}}