{"validation_0": {"logloss": [0.6660636759156746, 0.6439436984035597, 0.625523725142457, 0.6097262811118831, 0.596024332911279, 0.5829062311199815, 0.5724081570368035, 0.5621872622312454, 0.5536629176999283, 0.5458863524600329, 0.5391423539659199, 0.5329652129390253, 0.5276006035289577, 0.5218441739759424, 0.5169032634164877, 0.5114970797484032, 0.507285020352158, 0.5032353475085197, 0.49881988670528893, 0.49529461235414735, 0.49160812166304524, 0.48834512084244586, 0.4849320750780691, 0.48153307866977857, 0.4786705023924305, 0.4752414569490384, 0.47241924774868477, 0.4701340751058282, 0.4673394115055464, 0.46467068981550186, 0.46233257007187856, 0.46045306347228854, 0.45812183871719553, 0.45591622101167156, 0.45331999349186564, 0.4517987155911615, 0.4498677867529723, 0.4477772118244651, 0.4458457405170883, 0.443490882086095, 0.44171650588199085, 0.4403646622808852, 0.43756973358491436, 0.436362204223337, 0.4359288008436567, 0.43556864932012035, 0.43464535061517195, 0.43318973598309, 0.43091426876225064, 0.42986133178789293, 0.4322541671778135, 0.43092742339333645, 0.4330726657596324, 0.43186375022255963, 0.43085610099546123, 0.42998515216154337, 0.42970011717740736, 0.42809149466586505, 0.4283415948946702, 0.42626626624211933, 0.42602382361773833, 0.4251067008202313, 0.4235627271219725, 0.42271322514015347, 0.421884044191983, 0.4191417069268191, 0.41876247119239424], "error": [0.2665179193975736, 0.2665179193975736, 0.23065123413749825, 0.23065123413749825, 0.2165109468693348, 0.2165109468693348, 0.2165109468693348, 0.2165109468693348, 0.21642727653046995, 0.2165109468693348, 0.2138334960256589, 0.2138334960256589, 0.2165109468693348, 0.21642727653046995, 0.21374982568679404, 0.21031934179333425, 0.20861804490308186, 0.20861804490308186, 0.206554176544415, 0.20872960535490168, 0.2051875610096221, 0.20909217682331613, 0.20507600055780226, 0.20566169292985637, 0.20546646213917166, 0.20437874773392833, 0.20270534095663087, 0.20245432994003626, 0.19988843954818017, 0.19955375819272067, 0.19958164830567565, 0.19880072514293684, 0.1962069446381258, 0.19531446102356714, 0.19458931808673824, 0.19380839492399946, 0.19202342769488218, 0.1908799330637289, 0.18761678984799887, 0.18800725142936828, 0.18658485566866545, 0.18744944917026915, 0.18647329521684564, 0.18577604239297169, 0.184911448891368, 0.18454887742295356, 0.18443731697113375, 0.18329382233998048, 0.18228977827360202, 0.18030958025380003, 0.17983544833356574, 0.17913819550969182, 0.17807837121740344, 0.17687909636034027, 0.17523357969599776, 0.17562404127736717, 0.17484311811462835, 0.1727234695300516, 0.1714684144470785, 0.1702970297029703, 0.16920931529772695, 0.16901408450704225, 0.16773113931111422, 0.1682610514572584, 0.16828894157021335, 0.16834472179612328, 0.16541625993585274], "auc": [0.7907776187446599, 0.7907776187446599, 0.8214627769707642, 0.8214627769707642, 0.82860684506282, 0.8348159925322018, 0.8385621252871661, 0.8412569148235187, 0.8412746577243609, 0.8417284166772498, 0.8468385622000728, 0.8468417530554403, 0.8471171840137997, 0.8504698272778771, 0.8518177658002153, 0.8536033594272594, 0.8538390028497205, 0.8549688928371292, 0.8590238763979297, 0.8602489015511559, 0.8648009029023833, 0.8676532502707148, 0.8706294676415545, 0.8730906407587824, 0.8743825102810668, 0.8771398704968913, 0.8787849994922676, 0.8791294467202625, 0.8810406709291924, 0.8827703357793193, 0.8824923138090087, 0.8830862304607006, 0.8844044743968819, 0.8857250709656829, 0.8867598912247376, 0.8872971218945763, 0.8883644598989314, 0.8896469718639224, 0.8908650216951367, 0.8909887327780904, 0.8920346851961299, 0.8921595242963133, 0.8945592002200793, 0.8950465348239298, 0.8957687385069223, 0.8961100540848739, 0.897031148706312, 0.8978043421957554, 0.900073933116007, 0.9007122724572681, 0.9021142171415218, 0.9027512757781384, 0.90336878107742, 0.9046974108738941, 0.904978461663948, 0.905205376975194, 0.9057416868464379, 0.9070846412152991, 0.9079813666136889, 0.9085707836607415, 0.9091106676639253, 0.9092969743549084, 0.9100936879384084, 0.9100288986173138, 0.9104500977579617, 0.9115775743493918, 0.9124699855492892], "aucpr": [0.796145437537545, 0.796145437537545, 0.8161958683623075, 0.8161958683623075, 0.8382626001469589, 0.841879966154362, 0.8489827587208902, 0.8510800715184363, 0.8510942223437583, 0.8573452216851212, 0.859389333852659, 0.8593986604461444, 0.8602082808983378, 0.8656143946876491, 0.8687618199200166, 0.8712172200130004, 0.8729263977699852, 0.8731544083106652, 0.8769783486925073, 0.8782853316736035, 0.882824949033862, 0.8843778633419528, 0.8868789312042635, 0.8899109789482107, 0.8908459205906246, 0.8933023073784153, 0.8952558114114003, 0.8954777892246149, 0.897143713004726, 0.8990926334782057, 0.8989484634065683, 0.8993000243239763, 0.9004080992330006, 0.9019313567641636, 0.9025284105817276, 0.9032395755614405, 0.904151779174094, 0.9055281361457705, 0.9066882811496385, 0.906702149029779, 0.9078024163824998, 0.9079708318727159, 0.9111515293673396, 0.9114344244496976, 0.9120459352316801, 0.9124921418044064, 0.9134992013705622, 0.9142512847678964, 0.9165452607079966, 0.9172045996991861, 0.9183765915056505, 0.9190544138545297, 0.9196658580988488, 0.9213749048624267, 0.9215027178907247, 0.9217907134634475, 0.9222646410505946, 0.9235441962210978, 0.9243208729724086, 0.9249013225861353, 0.9253478422971146, 0.9253763861704933, 0.9263984956308733, 0.9264950738415179, 0.9268437000273873, 0.9274242454868662, 0.9282442649529418]}, "validation_1": {"logloss": [0.6844520991745404, 0.6779835808628215, 0.6598399702803677, 0.6570470786584056, 0.64331352469353, 0.6418070335278603, 0.6310858932364897, 0.6308057575500314, 0.6309466171695526, 0.6228858253776043, 0.6105590984790467, 0.6044279931712395, 0.6057546612994046, 0.6054092475721369, 0.5954072691071305, 0.5909672230814568, 0.5905185559700504, 0.590551935388993, 0.5920140835614888, 0.5846867629994723, 0.5792273733314395, 0.5752282588393999, 0.5715232914407595, 0.5664095517542148, 0.5640027658870076, 0.5603693448495833, 0.556017764750494, 0.5531264075037758, 0.5501043101293083, 0.5459843457646133, 0.54094355296558, 0.5380956694959185, 0.5355515012273209, 0.5320570738063539, 0.5323385109588635, 0.5302636726229609, 0.5280282206884064, 0.5247096502770068, 0.5226070683735402, 0.5190876708515327, 0.5162107704213224, 0.516790014226061, 0.520329804354444, 0.517605499359215, 0.5158944830279281, 0.5139513115607333, 0.5109588068874475, 0.5087480381846197, 0.5086671037673327, 0.5062932708489325, 0.5094595246776211, 0.5070507999458408, 0.5051345789717471, 0.5083306464584146, 0.5061365814598057, 0.5045340611812736, 0.5031286869495584, 0.5029824738787262, 0.5055322893280015, 0.5034572780152107, 0.5022823168864701, 0.50173036478658, 0.504661151669437, 0.5052059604148416, 0.5039713151885754, 0.5006558844000615, 0.5005227476939061],