{"validation_0": {"mlogloss": [0.8590654569493361, 0.5973021309127339, 0.4247097153265121, 0.30890681168708717, 0.22785404150936261, 0.17036197879034945, 0.12887973024061034, 0.09859781127892078, 0.07635125493315384, 0.05946533265759476, 0.04674461245261855, 0.0369946317755322, 0.03006445949387706, 0.02476427695604766, 0.02065937474165139, 0.01769062264569039, 0.01535171590672668, 0.01355707176688751, 0.01204507722311779, 0.01105966643388511, 0.01020692323539042, 0.0094903626065774, 0.00887831329672487, 0.00844708355595176, 0.00800306516528998, 0.00764131917898808, 0.0075076955993368, 0.00731962537084246, 0.00712997878433472, 0.00702649281023177, 0.006941010002094, 0.00679995888649882, 0.00662364767068393, 0.00652072199413252, 0.00645480283545536, 0.00630913947227028, 0.00622371579916739, 0.00613852010411825], "merror": [0.00506512301013025, 0.00434153400868307, 0.00217076700434153, 0.00072358900144718, 0.0, 0.0, 0.0, 0.0, 0.0, 0.0, 0.0, 0.0, 0.0, 0.0, 0.0, 0.0, 0.0, 0.0, 0.0, 0.0, 0.0, 0.0, 0.0, 0.0, 0.0, 0.0, 0.0, 0.0, 0.0, 0.0, 0.0, 0.0, 0.0, 0.0, 0.0, 0.0, 0.0, 0.0], "auc": [0.9999668812389579, 0.9999908726689174, 0.9999934510744016, 1.0, 1.0, 1.0, 1.0, 1.0, 1.0, 1.0, 1.0, 1.0, 1.0, 1.0, 1.0, 1.0, 1.0, 1.0, 1.0, 1.0, 1.0, 1.0, 1.0, 1.0, 1.0, 1.0, 1.0, 1.0, 1.0, 1.0, 1.0, 1.0, 1.0, 1.0, 1.0, 1.0, 1.0, 1.0], "aucpr": [0.9975353936204405, 0.9995269902146268, 0.999996847038315, 1.0, 1.0, 1.0, 1.0, 1.0, 1.0, 1.0, 1.0, 1.0, 1.0, 1.0, 1.0, 1.0, 1.0, 1.0, 1.0, 1.0, 1.0, 1.0, 1.0, 1.0, 1.0, 1.0, 1.0, 1.0, 1.0, 1.0, 1.0, 1.0, 1.0, 1.0, 1.0, 1.0, 1.0, 1.0], "logloss": [0.8590654569493361, 0.5973021309127339, 0.4247097153265121, 0.30890681168708717, 0.22785404150936261, 0.17036197879034945, 0.12887973024061034, 0.09859781127892078, 0.07635125493315384, 0.05946533265759476, 0.04674461245261855, 0.0369946317755322, 0.03006445949387706, 0.02476427695604766, 0.02065937474165139, 0.01769062264569039, 0.01535171590672668, 0.01355707176688751, 0.01204507722311779, 0.01105966643388511, 0.01020692323539042, 0.0094903626065774, 0.00887831329672487, 0.00844708355595176, 0.00800306516528998, 0.00764131917898808, 0.0075076955993368, 0.00731962537084246, 0.00712997878433472, 0.00702649281023177, 0.006941010002094, 0.00679995888649882, 0.00662364767068393, 0.00652072199413252, 0.00645480283545536, 0.00630913947227028, 0.00622371579916739, 0.00613852010411825], "error": [0.00506512301013025, 0.00434153400868307, 0.00217076700434153, 0.00072358900144718, 0.0, 0.0, 0.0, 0.0, 0.0, 0.0, 0.0, 0.0, 0.0, 0.0, 0.0, 0.0, 0.0, 0.0, 0.0, 0.0, 0.0, 0.0, 0.0, 0.0, 0.0, 0.0, 0.0, 0.0, 0.0, 0.0, 0.0, 0.0, 0.0, 0.0, 0.0, 0.0, 0.0, 0.0]}, "validation_1": {"mlogloss": [1.0299534690862446, 0.8676063466623339, 0.7891230171470973, 0.7530955798019564, 0.7437859220656357, 0.7514381897931843, 0.7673657894823592, 0.7936348223445043, 0.8177410591759778, 0.8561520610930603, 0.8881606780250982, 0.9337026376083407, 0.9750988647406329, 1.017495398926468, 1.0621547632974524, 1.0988018866816827, 1.1349813479639461, 1.1664535457166074, 1.1971171270918661, 1.2028715559631327, 1.2292920762115842, 1.2513356176023291, 1.2669901693262688, 1.287946879564962, 1.3111056339522593, 1.32157208852122, 1.3287839898307985, 1.3345894285269428, 1.33743312782433, 1.3507750960505323, 1.3648464757265426, 1.3816077349178568, 1.3946106779855754, 1.4057212791824008, 1.4096104943022236, 1.4248792557971084, 1.426650153259956, 1.4293652703389028], "merror": [0.2254335260115607, 0.21965317919075145, 0.21965317919075145, 0.21965317919075145, 0.2138728323699422, 0.2138728323699422, 0.2138728323699422, 0.2138728323699422, 0.2138728323699422, 0.2138728323699422, 0.2138728323699422, 0.2138728323699422, 0.2138728323699422, 0.2138728323699422, 0.2138728323699422, 0.2138728323699422, 0.2138728323699422, 0.2138728323699422, 0.2138728323699422, 0.2138728323699422, 0.2138728323699422, 0.2138728323699422, 0.2138728323699422, 0.2138728323699422, 0.2138728323699422, 0.2138728323699422, 0.2138728323699422, 0.2138728323699422, 0.2138728323699422, 0.2138728323699422, 0.2138728323699422, 0.2138728323699422, 0.2138728323699422, 0.2138728323699422, 0.2138728323699422, 0.2138728323699422, 0.2138728323699422, 0.2138728323699422], "auc": [0.8450225762093624, 0.8159010254609046, 0.8145595515259882, 0.8255570573590393, 0.8471411104074074, 0.8423128553054475, 0.8491448554988857, 0.8397306123384506, 0.8671899711442325, 0.8677815852776521, 0.9025224310678625, 0.9089070360191459, 0.9075858214448487, 0.9038845678630651, 0.9304993968284473, 0.9312522410666195, 0.9309868254336268, 0.9294772243706243, 0.9289012172617761, 0.9363731243530814, 0.9346542112381206, 0.9351452794002212, 0.9328173004134361, 0.9379947421625794, 0.9381469265201163, 0.9359082212049655, 0.9369079805408382, 0.9384047033654063, 0.9365124219085207, 0.9351257240231032, 0.9337082881274755, 0.9334407406460552, 0.9325740651722487, 0.9325237390415019, 0.9327968126045033, 0.9314195498611112, 0.9312598113450152, 0.9313638996504892], "aucpr": [0.3940577389097716, 0.37752214292059527, 0.3830929218868267, 0.37694873796276285, 0.39453443215153616, 0.40860388414181054, 0.4209863275557416, 0.4103924422193256, 0.43172465532040016, 0.4537488749110669, 0.49032738125553654, 0.48735216510699514, 0.4847149329939665, 0.465474939798717, 0.47798458079157324, 0.4859269080267471, 0.49381105041301965, 0.493002309564102, 0.4914084624896124, 0.5139079461837497, 0.5158397385368976, 0.5162835554773632, 0.5274549783573973, 0.5335349642252327, 0.5333948613099286, 0.5338972928750981, 0.5390073968536703, 0.5721220271656965, 0.5682348628130027, 0.5647569507530947, 0.5623257934070313, 0.5629362139893839, 0.5585844408140631, 0.5325311994386294, 0.5312637667317135, 0.5309737699171376, 0.5553964662632498, 0.5545923309870715], "logloss": [1.0299534690862446, 0.8676063466623339, 0.7891230171470973, 0.7530955798019564, 0.7437859220656357, 0.7514381897931843, 0.7673657894823592, 0.7936348223445043, 0.8177410591759778, 0.8561520610930603, 0.8881606780250982, 0.9337026376083407, 0.9750988647406329, 1.017495398926468, 1.0621547632974524, 1.0988018866816827, 1.1349813479639461, 1.1664535457166074, 1.1971171270918661, 1.2028715559631327, 1.2292920762115842, 1.2513356176023291, 1.2669901693262688, 1.287946879564962, 1.3111056339522593, 1.32157208852122, 1.3287839898307985, 1.3345894285269428, 1.33743312782433, 1.3507750960505323, 1.3648464757265426, 1.3816077349178568, 1.3946106779855754, 1.4057212791824008, 1.4096104943022236, 1.4248792557971084, 1.426650153259956, 1.4293652703389028], "error": [0.2254335260115607, 0.21965317919075145, 0.21965317919075145, 0.21965317919075145, 0.2138728323699422, 0.2138728323699422, 0.2138728323699422, 0.2138728323699422, 0.2138728323699422, 0.2138728323699422, 0.2138728323699422, 0.2138728323699422, 0.2138728323699422, 0.2138728323699422, 0.2138728323699422, 0.2138728323699422, 0.2138728323699422, 0.2138728323699422, 0.2138728323699422, 0.2138728323699422, 0.2138728323699422, 0.2138728323699422, 0.2138728323699422, 0.2138728323699422, 0.2138728323699422, 0.2138728323699422, 0.2138728323699422, 0.2138728323699422, 0.2138728323699422, 0.2138728323699422, 0.2138728323699422, 0.2138728323699422, 0.2138728323699422, 0.2138728323699422, 0.2138728323699422, 0.2138728323699422, 0.2138728323699422, 0.2138728323699422]}}