{"validation_0": {"logloss": [0.6020313583872605, 0.5472914921635526, 0.5116657501614443, 0.4874804493658706, 0.4686970189335098, 0.4525477901610761, 0.4424250234610095, 0.43090236792189196, 0.42228862031284076, 0.4145251111844509, 0.40994209953009664, 0.40404639378378127, 0.39953790083512397, 0.3957326217722876, 0.3893023642678351, 0.3855558316124162], "error": [0.21986970684039087, 0.21172638436482086, 0.21986970684039087, 0.21172638436482086, 0.21172638436482086, 0.20358306188925082, 0.19218241042345277, 0.19055374592833876, 0.19381107491856678, 0.18566775244299674, 0.1775244299674267, 0.1775244299674267, 0.1775244299674267, 0.1791530944625407, 0.1775244299674267, 0.1758957654723127], "auc": [0.8041925702176483, 0.8475993115802044, 0.8607179235011064, 0.8613033144837436, 0.8676723683748375, 0.8752414737803379, 0.8806973177385176, 0.8846369990516666, 0.8865687892943697, 0.8909943451231077, 0.8940910634212591, 0.8945593762073689, 0.8972053434488895, 0.898750775643052, 0.9010806317539485, 0.9025148396614099], "aucpr": [0.6567985046480063, 0.7390649521628948, 0.7513061136516862, 0.7685184763667, 0.771424741815029, 0.7946450495011946, 0.8023464688082113, 0.8102670521664206, 0.8135609750734191, 0.8238506997397842, 0.8276293941842893, 0.8307190727627839, 0.8365859660314741, 0.8378899016594534, 0.8428759973456952, 0.8438938905643025]}, "validation_1": {"logloss": [0.6186095870934524, 0.5688911142287316, 0.549048477759609, 0.5251407588457132, 0.5144677893681959, 0.4993520708053143, 0.4897011328827251, 0.48751326765284525, 0.4819599837850924, 0.4824764619826327, 0.4867032019651265, 0.4882078474484287, 0.4950514014979655, 0.49576896116403596, 0.49434635460878684, 0.49624588661040964], "error": [0.2857142857142857, 0.2727272727272727, 0.2857142857142857, 0.2727272727272727, 0.2727272727272727, 0.2727272727272727, 0.2727272727272727, 0.2727272727272727, 0.2727272727272727, 0.24675324675324675, 0.2597402597402597, 0.2597402597402597, 0.2597402597402597, 0.2597402597402597, 0.2857142857142857, 0.2987012987012987], "auc": [0.7091194968553459, 0.7775157232704403, 0.7834119496855346, 0.8148584905660378, 0.8073899371069182, 0.8081761006289309, 0.8156446540880503, 0.8113207547169812, 0.8199685534591195, 0.8148584905660378, 0.8101415094339622, 0.8081761006289309, 0.8089622641509434, 0.7987421383647799, 0.8018867924528302, 0.8050314465408805], "aucpr": [0.4884461783403009, 0.5586585229875618, 0.5626499503911518, 0.600827695414249, 0.5905814654646332, 0.6422870166619257, 0.6384915284921032, 0.6354341028312077, 0.641887168323101, 0.6076796254935294, 0.5948089186907957, 0.5926022419405476, 0.5974282858666622, 0.5633034694602447, 0.5615335953807321, 0.5631985359838645]}}