{"learner":{"attributes":{"best_iteration":"5","best_ntree_limit":"6","best_score":"0.6422870166619257","scikit_learn":"{\"use_label_encoder\": null, \"n_estimators\": 500, \"objective\": \"reg:squarederror\", \"max_depth\": 2, \"max_leaves\": null, \"max_bin\": null, \"grow_policy\": null, \"learning_rate\": null, \"verbosity\": null, \"booster\": null, \"tree_method\": \"approx\", \"gamma\": null, \"min_child_weight\": null, \"max_delta_step\": null, \"subsample\": null, \"sampling_method\": null, \"colsample_bytree\": null, \"colsample_bylevel\": null, \"colsample_bynode\": null, \"reg_alpha\": null, \"reg_lambda\": null, \"scale_pos_weight\": null, \"base_score\": null, \"missing\": NaN, \"num_parallel_tree\": null, \"random_state\": null, \"n_jobs\": null, \"monotone_constraints\": null, \"interaction_constraints\": null, \"importance_type\": null, \"gpu_id\": 0, \"validate_parameters\": null, \"predictor\": null, \"enable_categorical\": false, \"feature_types\": null, \"max_cat_to_onehot\": null, \"max_cat_threshold\": null, \"eval_metric\": [\"logloss\", \"error\", \"auc\", \"aucpr\"], \"early_stopping_rounds\": 10, \"callbacks\": null, \"kwargs\": {\"alpha\": 1.0, \"eta\": 0.3, \"lambda\": 0.1}, \"classes_\": [0, 1], \"n_classes_\": 2, \"evals_result_\": {\"validation_0\": {\"logloss\": [0.6020313583872605, 0.5472914921635526, 0.5116657501614443, 0.4874804493658706, 0.4686970189335098, 0.4525477901610761, 0.4424250234610095, 0.43090236792189196, 0.42228862031284076, 0.4145251111844509, 0.40994209953009664, 0.40404639378378127, 0.39953790083512397, 0.3957326217722876, 0.3893023642678351, 0.3855558316124162], \"error\": [0.21986970684039087, 0.21172638436482086, 0.21986970684039087, 0.21172638436482086, 0.21172638436482086, 0.20358306188925082, 0.19218241042345277, 0.19055374592833876, 0.19381107491856678, 0.18566775244299674, 0.1775244299674267, 0.1775244299674267, 0.1775244299674267, 0.1791530944625407, 0.1775244299674267, 0.1758957654723127], \"auc\": [0.8041925702176483, 0.8475993115802044, 0.8607179235011064, 0.8613033144837436, 0.8676723683748375, 0.8752414737803379, 0.8806973177385176, 0.8846369990516666, 0.8865687892943697, 0.8909943451231077, 0.8940910634212591, 0.8945593762073689, 0.8972053434488895, 0.898750775643052, 0.9010806317539485, 0.9025148396614099], \"aucpr\": [0.6567985046480063, 0.7390649521628948, 0.7513061136516862, 0.7685184763667, 0.771424741815029, 0.7946450495011946, 0.8023464688082113, 0.8102670521664206, 0.8135609750734191, 0.8238506997397842, 0.8276293941842893, 0.8307190727627839, 0.8365859660314741, 0.8378899016594534, 0.8428759973456952, 0.8438938905643025]}, \"validation_1\": {\"logloss\": [0.6186095870934524, 0.5688911142287316, 0.549048477759609, 0.5251407588457132, 0.5144677893681959, 0.4993520708053143, 0.4897011328827251, 0.48751326765284525, 0.4819599837850924, 0.4824764619826327, 0.4867032019651265, 0.4882078474484287, 0.4950514014979655, 0.49576896116403596, 0.49434635460878684, 0.49624588661040964], \"error\": [0.2857142857142857, 0.2727272727272727, 0.2857142857142857, 0.2727272727272727, 0.2727272727272727, 0.2727272727272727, 0.2727272727272727, 0.2727272727272727, 0.2727272727272727, 0.24675324675324675, 0.2597402597402597, 0.2597402597402597, 0.2597402597402597, 0.2597402597402597, 0.2857142857142857, 0.2987012987012987], \"auc\": [0.7091194968553459, 0.7775157232704403, 0.7834119496855346, 0.8148584905660378, 0.8073899371069182, 0.8081761006289309, 0.8156446540880503, 0.8113207547169812, 0.8199685534591195, 0.8148584905660378, 0.8101415094339622, 0.8081761006289309, 0.8089622641509434, 0.7987421383647799, 0.8018867924528302, 0.8050314465408805], \"aucpr\": [0.4884461783403009, 0.5586585229875618, 0.5626499503911518, 0.600827695414249, 0.5905814654646332, 0.6422870166619257, 0.6384915284921032, 0.6354341028312077, 0.641887168323101, 0.6076796254935294, 0.5948089186907957, 0.5926022419405476, 0.5974282858666622, 0.5633034694602447, 0.5615335953807321, 0.5631985359838645]}}, \"_estimator_type\": \"classifier\"}"},"feature_names":["Pregnancies","Glucose","BloodPressure","SkinThickness","Insulin","BMI","DiabetesPedigreeFunction","Age"],"feature_types":["int","int","int","int","int","float","float","int"],"gradient_booster":{"model":{"gbtree_model_param":{"num_parallel_tree":"1","num_trees":"16","size_leaf_vector":"0"},"tree_info":[0,0,0,0,0,0,0,0,0,0,0,0,0,0,0,0],"trees":[{"base_weights":[-1.5144113E-1,-3.0353913E-1,1.0347864E-1,-1.2446959E-1,-4.8829243E-2,-6.628478E-2,6.8633355E-2],"categories":[],"categories_nodes":[],"categories_segments":[],"categories_sizes":[],"default_left":[0,0,0,0,0,0,0],"id":0,"left_children":[1,3,5,-1,-1,-1,-1],"loss_changes":[2.4013569E1,5.484009E0,9.244624E0,0E0,0E0,0E0,0E0],"parents":[2147483647,0,0,1,1,2,2],"right_children":[2,4,6,-1,-1,-1,-1],"split_conditions":[1.28E2,2.9E1,3E1,-1.2446959E-1,-4.8829243E-2,-6.628478E-2,6.8633355E-2],"split_indices":[1,7,5,0,0,0,0],"split_type":[0,0,0,0,0,0,0],"sum_hessian":[6.14E2,3.87E2,2.27E2,2.12E2,1.75E2,6.1E1,1.66E2],"tree_param":{"num_deleted":"0","num_feature":"8","num_nodes":"7","size_leaf_vector":"0"}},{"base_weights":[-1.0652516E-1,-1.7587705E-1,2.5707394E-1,-1.0947349E-1,-3.335816E-2,8.756254E-2,-3.47941E-4],"categories":[],"categories_nodes":[],"categories_segments":[],"categories_sizes":[],"default_left":[0,0,0,0,0,0,0],"id":1,"left_children":[1,3,5,-1,-1,-1,-1],"loss_changes":[1.5408646E1,5.8548317E0,1.1543856E0,0E0,0E0,0E0,0E0],"parents":[2147483647,0,0,1,1,2,2],"right_children":[2,4,6,-1,-1,-1,-1],"split_conditions":[1.55E2,2.64E1,6E1,-1.0947349E-1,-3.335816E-2,8.756254E-2,-3.47941E-4],"split_indices":[1,5,7,0,0,0,0],"split_type":[0,0,0,0,0,0,0],"sum_hessian":[6.14E2,5.18E2,9.6E1,1.28E2,3.9E2,8.8E1,8E0],"tree_param":{"num_deleted":"0","num_feature":"8","num_nodes":"7","size_leaf_vector":"0"}},{"base_weights":[-7.506519E-2,-2.2457884E-1,1.008608E-2,-7.293046E-2,7.1723624E-3,-4.178141E-2,2.6865259E-2],"categories":[],"categories_nodes":[],"categories_segments":[],"categories_sizes":[],"default_left":[0,0,0,0,0,0,0],"id":2,"left_children":[1,3,5,-1,-1,-1,-1],"loss_changes":[8.032995E0,1.2650356E0,4.5458837E0,0E0,0E0,0E0,0E0],"parents":[2147483647,0,0,1,1,2,2],"right_children":[2,4,6,-1,-1,-1,-1],"split_conditions":[1.07E2,1.5E2,3E1,-7.293046E-2,7.1723624E-3,-4.178141E-2,2.6865259E-2],"split_indices":[1,4,5,0,0,0,0],"split_type":[0,0,0,0,0,0,0],"sum_hessian":[6.14E2,2.27E2,3.87E2,2.15E2,1.2E1,1.3E2,2.57E2],"tree_param":{"num_deleted":"0","num_feature":"8","num_nodes":"7","size_leaf_vector":"0"}},{"base_weights":[-5.207024E-2,-9.373933E-2,1.6222697E-1,-4.636779E-2,-7.914985E-4,5.5999953E-2,-2.4429759E-2],"categories":[],"categories_nodes":[],"categories_segments":[],"categories_sizes":[],"default_left":[0,0,0,0,0,0,0],"id":3,"left_children":[1,3,5,-1,-1,-1,-1],"loss_changes":[5.4166822E0,2.713429E0,6.790223E-1,0E0,0E0,0E0,0E0],"parents":[2147483647,0,0,1,1,2,2],"right_children":[2,4,6,-1,-1,-1,-1],"split_conditions":[1.55E2,3.1E1,5.45E2,-4.636779E-2,-7.914985E-4,5.5999953E-2,-2.4429759E-2],"split_indices":[1,7,4,0,0,0,0],"split_type":[0,0,0,0,0,0,0],"sum_hessian":[6.14E2,5.18E2,9.6E1,3.04E2,2.14E2,9.1E1,5E0],"tree_param":{"num_deleted":"0","num_feature":"8","num_nodes":"7","size_leaf_vector":"0"}},{"base_weights":[-3.6940232E-2,-1.6028486E-1,5.8159316E-3,-5.2277412E-2,-0E0,-3.2778624E-2,1.4497599E-2],"categories":[],"categories_nodes":[],"categories_segments":[],"categories_sizes":[],"default_left":[0,0,0,0,0,0,0],"id":4,"left_children":[1,3,5,-1,-1,-1,-1],"loss_changes":[3.3931675E0,5.2417994E-1,2.141434E0,0E0,0E0,0E0,0E0],"parents":[2147483647,0,0,1,1,2,2],"right_children":[2,4,6,-1,-1,-1,-1],"split_conditions":[1E2,4.1E1,2.79E1,-5.2277412E-2,-0E0,-3.2778624E-2,1.4497599E-2],"split_indices":[1,3,5,0,0,0,0],"split_type":[0,0,0,0,0,0,0],"sum_hessian":[6.14E2,1.64E2,4.5E2,1.56E2,8E0,1.15E2,3.35E2],"tree_param":{"num_deleted":"0","num_feature":"8","num_nodes":"7",