{"validation_0": {"logloss": [0.6139227201707387, 0.5717355469895844, 0.5466230709516883, 0.5288958157534185, 0.5167184469093846, 0.5079495622636283, 0.5005344209388946, 0.49577998074649965, 0.49144733861013995, 0.4886686204929515, 0.4842825950011237], "error": [0.27424749163879597, 0.27424749163879597, 0.27424749163879597, 0.23076923076923078, 0.2692307692307692, 0.23076923076923078, 0.2525083612040134, 0.23411371237458195, 0.23411371237458195, 0.23411371237458195, 0.2157190635451505], "auc": [0.7182968978307295, 0.7182968978307295, 0.74794172192874, 0.7547909407665505, 0.758029391929864, 0.7667963920422615, 0.7791460604698213, 0.7768138136450489, 0.7785208497246263, 0.7826514555468135, 0.7868804091266719], "aucpr": [0.45308367713882847, 0.45308367713882847, 0.5059465088560391, 0.5126190188804443, 0.5364611854733761, 0.5482954795477383, 0.5762267974980874, 0.5918675669413601, 0.5909712951965806, 0.596730241129325, 0.6046618547092562]}, "validation_1": {"logloss": [0.5784816110134124, 0.5154652420679728, 0.48529091358184817, 0.46644722203413647, 0.45331799825032554, 0.44677535076936087, 0.4442327996095022, 0.44162833094596865, 0.4399470239877701, 0.43696579764286675, 0.4289258985718091], "error": [0.12, 0.12, 0.12, 0.13333333333333333, 0.12, 0.12, 0.12, 0.12, 0.12, 0.12, 0.12], "auc": [0.4941077441077441, 0.4941077441077441, 0.4276094276094276, 0.44191919191919193, 0.4074074074074074, 0.3947811447811448, 0.4099326599326599, 0.37457912457912457, 0.3602693602693603, 0.3611111111111111, 0.3771043771043771], "aucpr": [0.11037970165835805, 0.11037970165835805, 0.09857440677478849, 0.09908944317363916, 0.09395570699973438, 0.09464555153370657, 0.11027318936211336, 0.09135724349511112, 0.08986943208590267, 0.08968423440414336, 0.09080177648231183]}}