{"learner":{"attributes":{"best_iteration":"0","best_ntree_limit":"1","best_score":"0.11037970165835805","scikit_learn":"{\"use_label_encoder\": null, \"n_estimators\": 500, \"objective\": \"reg:squarederror\", \"max_depth\": 2, \"max_leaves\": null, \"max_bin\": null, \"grow_policy\": null, \"learning_rate\": null, \"verbosity\": null, \"booster\": null, \"tree_method\": \"approx\", \"gamma\": null, \"min_child_weight\": null, \"max_delta_step\": null, \"subsample\": null, \"sampling_method\": null, \"colsample_bytree\": null, \"colsample_bylevel\": null, \"colsample_bynode\": null, \"reg_alpha\": null, \"reg_lambda\": null, \"scale_pos_weight\": null, \"base_score\": null, \"missing\": NaN, \"num_parallel_tree\": null, \"random_state\": null, \"n_jobs\": null, \"monotone_constraints\": null, \"interaction_constraints\": null, \"importance_type\": null, \"gpu_id\": 0, \"validate_parameters\": null, \"predictor\": null, \"enable_categorical\": false, \"feature_types\": null, \"max_cat_to_onehot\": null, \"max_cat_threshold\": null, \"eval_metric\": [\"logloss\", \"error\", \"auc\", \"aucpr\"], \"early_stopping_rounds\": 10, \"callbacks\": null, \"kwargs\": {\"alpha\": 1.0, \"eta\": 0.3, \"lambda\": 1.0}, \"classes_\": [false, true], \"n_classes_\": 2, \"evals_result_\": {\"validation_0\": {\"logloss\": [0.6139227201707387, 0.5717355469895844, 0.5466230709516883, 0.5288958157534185, 0.5167184469093846, 0.5079495622636283, 0.5005344209388946, 0.49577998074649965, 0.49144733861013995, 0.4886686204929515, 0.4842825950011237], \"error\": [0.27424749163879597, 0.27424749163879597, 0.27424749163879597, 0.23076923076923078, 0.2692307692307692, 0.23076923076923078, 0.2525083612040134, 0.23411371237458195, 0.23411371237458195, 0.23411371237458195, 0.2157190635451505], \"auc\": [0.7182968978307295, 0.7182968978307295, 0.74794172192874, 0.7547909407665505, 0.758029391929864, 0.7667963920422615, 0.7791460604698213, 0.7768138136450489, 0.7785208497246263, 0.7826514555468135, 0.7868804091266719], \"aucpr\": [0.45308367713882847, 0.45308367713882847, 0.5059465088560391, 0.5126190188804443, 0.5364611854733761, 0.5482954795477383, 0.5762267974980874, 0.5918675669413601, 0.5909712951965806, 0.596730241129325, 0.6046618547092562]}, \"validation_1\": {\"logloss\": [0.5784816110134124, 0.5154652420679728, 0.48529091358184817, 0.46644722203413647, 0.45331799825032554, 0.44677535076936087, 0.4442327996095022, 0.44162833094596865, 0.4399470239877701, 0.43696579764286675, 0.4289258985718091], \"error\": [0.12, 0.12, 0.12, 0.13333333333333333, 0.12, 0.12, 0.12, 0.12, 0.12, 0.12, 0.12], \"auc\": [0.4941077441077441, 0.4941077441077441, 0.4276094276094276, 0.44191919191919193, 0.4074074074074074, 0.3947811447811448, 0.4099326599326599, 0.37457912457912457, 0.3602693602693603, 0.3611111111111111, 0.3771043771043771], \"aucpr\": [0.11037970165835805, 0.11037970165835805, 0.09857440677478849, 0.09908944317363916, 0.09395570699973438, 0.09464555153370657, 0.11027318936211336, 0.09135724349511112, 0.08986943208590267, 0.08968423440414336, 0.09080177648231183]}}, \"_estimator_type\": \"classifier\"}"},"feature_names":["recency","frequency","monetary","time"],"feature_types":["float","float","float","float"],"gradient_booster":{"model":{"gbtree_model_param":{"num_parallel_tree":"1","num_trees":"11","size_leaf_vector":"0"},"tree_info":[0,0,0,0,0,0,0,0,0,0,0],"trees":[{"base_weights":[-2.2370617E-1,-9.970238E-2,-1.13068186E-1,-6.666667E-2,-0E0],"categories":[],"categories_nodes":[],"categories_segments":[],"categories_sizes":[],"default_left":[0,0,0,0,0],"id":0,"left_children":[1,3,-1,-1,-1],"loss_changes":[1.0864349E1,4.2155256E0,0E0,0E0,0E0],"parents":[2147483647,0,0,1,1],"right_children":[2,4,-1,-1,-1],"split_conditions":[7E0,5E0,-1.13068186E-1,-6.666667E-2,-0E0],"split_indices":[0,1,0,0,0],"split_type":[0,0,0,0,0],"sum_hessian":[5.98E2,3.35E2,2.63E2,1.52E2,1.83E2],"tree_param":{"num_deleted":"0","num_feature":"4","num_nodes":"5","size_leaf_vector":"0"}},{"base_weights":[-1.571448E-1,-6.954365E-2,-7.927621E-2,-4.6797387E-2,-0E0],"categories":[],"categories_nodes":[],"categories_segments":[],"categories_sizes":[],"default_left":[0,0,0,0,0],"id":1,"left_children":[1,3,-1,-1,-1],"loss_changes":[5.268178E0,2.0979886E0,0E0,0E0,0E0],"parents":[2147483647,0,0,1,1],"right_children":[2,4,-1,-1,-1],"split_conditions":[7E0,5E0,-7.927621E-2,-4.6797387E-2,-0E0],"split_indices":[0,1,0,0,0],"split_type":[0,0,0,0,0],"sum_hessian":[5.98E2,3.35E2,2.63E2,1.52E2,1.83E2],"tree_param":{"num_deleted":"0","num_feature":"4","num_nodes":"5","size_leaf_vector":"0"}},{"base_weights":[-1.1046225E-1,-5.3183727E-2,-1.9291756E-1,-4.2641354E-3,-5.462146E-2,-7.237777E-2,-4.58224E-2],"categories":[],"categories_nodes":[],"categories_segments":[],"categories_sizes":[],"default_left":[0,0,0,0,0,0,0],"id":2,"left_children":[1,3,5,-1,-1,-1,-1],"loss_changes":[2.5726671E0,1.6193625E0,3.1388283E-2,0E0,0E0,0E0,0E0],"parents":[2147483647,0,0,1,1,2,2],"right_children":[2,4,6,-1,-1,-1,-1],"split_conditions":[1E1,5.2E1,3E0,-4.2641354E-3,-5.462146E-2,-7.237777E-2,-4.58224E-2],"split_indices":[0,3,1,0,0,0,0],"split_type":[0,0,0,0,0,0,0],"sum_hessian":[5.98E2,3.61E2,2.37E2,2.84E2,7.7E1,9.4E1,1.43E2],"tree_param":{"num_deleted":"0","num_feature":"4","num_nodes":"7","size_leaf_vector":"0"}},{"base_weights":[-7.912171E-2,-1.3121524E-1,-1.6956422E-2,-2.785532E-2,-5.6236338E-2,1.3108705E-2,-3.3981577E-2],"categories":[],"categories_nodes":[],"categories_segments":[],"categories_sizes":[],"default_left":[0,0,0,0,0,0,0],"id":3,"left_children":[1,3,5,-1,-1,-1,-1],"loss_changes":[1.7894113E0,3.8623905E-1,1.7277374E0,0E0,0E0,0E0,0E0],"parents":[2147483647,0,0,1,1,2,2],"right_children":[2,4,6,-1,-1,-1,-1],"split_conditions":[5E0,2.3E1,5E1,-2.785532E-2,-5.6236338E-2,1.3108705E-2,-3.3981577E-2],"split_indices":[1,3,3,0,0,0,0],"split_type":[0,0,0,0,0,0,0],"sum_hessian":[5.98E2,3.16E2,2.82E2,2E2,1.16E2,1.67E2,1.15E2],"tree_param":{"num_deleted":"0","num_feature":"4","num_nodes":"7","size_leaf_vector":"0"}},{"base_weights":[-5.6061264E-2,-6.780689E-2,1.6694075E-1,-1.2290417E-2,-4.944005E-2,7.451918E-2,-0E0],"categories":[],"categories_nodes":[],"categories_segments":[],"categories_sizes":[],"default_left":[0,0,0,0,0,0,0],"id":4,"left_children":[1,3,5,-1,-1,-1,-1],"loss_changes":[1.481146E0,1.281709E0,3.2432067E-1,0E0,0E0,0E0,0E0],"parents":[2147483647,0,0,1,1,2,2],"right_children":[2,4,6,-1,-1,-1,-1],"split_conditions":[1.7E1,5.2E1,5E0,-1.2290417E-2,-4.944005E-2,7.451918E-2,-0E0],"split_indices":[1,3,0,0,0,0,0],"split_type":[0,0,0,0,0,0,0],"sum_hessian":[5.98E2,5.73E2,2.5E1,4.58E2,1.15E2,1.6E1,9E0],"tree_param":{"num_deleted":"0","num_feature":"4","num_nodes":"7","size_leaf_vector":"0"}},{"base_weights":[-3.916258E-2,-9.872399E-2,-5.8552823E-3,-1.7995432E-2,-3.8320627E-2,9.823755E-3,-1.914452E-2],"categories":[],"categories_nodes":[],"categories_segments":[],"categories_sizes":[],"default_left":[0,0,0,0,0,0,0],"id":5,"left_children":[1,3,5,-1,-1,-1,-1],"loss_changes":[1.0831568E0,3.3889174E-2,9.1913486E-1,0E0,0E0,0E0,0E0],"parents":[2147483647,0,0,1,1,2,2],"right_children":[2,4,6,-1,-1,-1,-1],"split_conditions":[3E0,1.2E1,4.5E1,-1.7995432E-2,-3.8320627E-2,9.823755E-3,-1.914452E-2],"split_indices":[1,3,3,0,0,0,0],"split_type":[0,0,0,0,0,0,0],"sum_hessian":[5.98E2,2.03E2,3.95E2,1.03E2,1E2,2.27E2,1.68E2],"tree_param":{"num_deleted":"0","num_feature":"4","num_nodes":"7","size_leaf_vector":"0"}},{"base_weights":[-2.802422E-2,-4.2474393E-2,8.3724424E-2,-7.39044E-3,-3.540427E-2,4.1748047E-2,-2.127044E-2],"categories":[],"categories_nodes":[],"categories_segments":[],"categories_sizes":[],"default_left":[0,0,0,0,0,0,0],"id":6,"left_children":[1,3,5,-1,-1,-1,-1],"loss_changes":[9.2956364E-1,5.8080006E-1,6.01005E-1,0E0,0E0,0E0,0E0],"parents":[2147483647,0,0,1,1,2,2],"right_children":[2,4,6,-1,-1,-1,-1],"split_conditions":[1.3E1,5.2E1,1.2E1,-7.39044E-3,-3.540427E-2,4.1748047E-2,-2.127044E-2],"split_indices":[1,3,0,0,0,0,0],"split_type":[0,0,0,0,0,0,0],