{"validation_0": {"logloss": [0.5959851520135999, 0.5339104429632425, 0.49029355516657236, 0.45378397848457097, 0.42672789545729756, 0.4065844925958663, 0.3854046712629497, 0.37077590963774126, 0.3568670999004826, 0.34902439303696153, 0.33716507644166993, 0.3249324759942829, 0.3148427751014242, 0.3081075638384573, 0.30164288900426983, 0.2965894414338618, 0.28596905260646965, 0.28040765173660476, 0.27313096968180617, 0.2678186736170028, 0.26405158859257427, 0.2591788581045421, 0.25356786906471823, 0.2469998511383892, 0.24300555003436786, 0.23765469121357455, 0.233872685218264, 0.23157263815737678], "error": [0.22625, 0.18125, 0.18375, 0.1675, 0.155, 0.15375, 0.13875, 0.14, 0.13, 0.1225, 0.1225, 0.11625, 0.1075, 0.10375, 0.105, 0.09875, 0.10375, 0.09625, 0.08375, 0.0775, 0.07625, 0.075, 0.07375, 0.06875, 0.07125, 0.0675, 0.06625, 0.0625], "auc": [0.8053722059382901, 0.844834015766824, 0.8656053520685566, 0.88999768793025, 0.9076104386220064, 0.9175821717047412, 0.924510922664996, 0.9294184771664467, 0.9357207318073673, 0.9401770597931071, 0.9448683238985971, 0.9505552696544575, 0.9541501652011127, 0.9569395654800528, 0.9597737154960881, 0.9624251374189843, 0.9668404448123867, 0.970122092199375, 0.9726653689242909, 0.9758202253895092, 0.977035926580598, 0.9787587914587669, 0.9804294483103245, 0.9825774356908986, 0.9844345497803534, 0.9863438718964193, 0.987499906771381, 0.9882830271705487], "aucpr": [0.8879274301216734, 0.9091928598104219, 0.9292259628307696, 0.946358571589507, 0.9569228029814546, 0.9623970285325641, 0.9653776595142118, 0.9679893531091119, 0.9705667331680462, 0.9726119284002492, 0.975024958203438, 0.9780147733873851, 0.9795421148937815, 0.980905395083121, 0.9822167545242813, 0.9833361987376316, 0.9855247210728721, 0.9869857465196308, 0.988106971424703, 0.9895370608269368, 0.9901719552498647, 0.9908753233815056, 0.991592921482688, 0.9925112041848865, 0.9932917236692782, 0.9940622980321268, 0.9945578744865963, 0.9949247913212201]}, "validation_1": {"logloss": [0.6230210328102112, 0.5697522315382958, 0.5439696778357029, 0.5127720108628273, 0.5073950374126435, 0.49598476603627206, 0.4915658663772047, 0.4860850678011775, 0.48358960658777506, 0.4837152162846178, 0.4876355628168676, 0.4855756476847455, 0.4883237049425952, 0.48188622209010645, 0.48803518717642874, 0.4862600000342354, 0.48153124543605375, 0.4841789206978865, 0.48915473035536705, 0.4889375180285424, 0.4903352130996063, 0.4975175206596032, 0.5018354327278212, 0.49849107156624084, 0.5039222159935162, 0.5104965359251946, 0.8392959303449606, 0.5319448680477217], "error": [0.32, 0.28, 0.24, 0.23, 0.28, 0.28, 0.26, 0.26, 0.23, 0.23, 0.26, 0.27, 0.26, 0.25, 0.27, 0.27, 0.26, 0.26, 0.25, 0.27, 0.25, 0.26, 0.27, 0.27, 0.27, 0.27, 0.26, 0.27], "auc": [0.704225352112676, 0.7523069451189898, 0.7654201068479844, 0.7899465760077707, 0.7824186498300145, 0.7848470131131617, 0.78630403108305, 0.7867897037396795, 0.7889752306945119, 0.7889752306945119, 0.7846041767848471, 0.7833899951432735, 0.7867897037396795, 0.7897037396794561, 0.7809616318601262, 0.7858183584264206, 0.7921321029626032, 0.7901894123360855, 0.7858183584264206, 0.7853326857697912, 0.782904322486644, 0.7809616318601262, 0.7785332685769791, 0.7814473045167557, 0.7780475959203497, 0.7741622146673143, 0.76930548810102, 0.7712481787275376], "aucpr": [0.8410341456892916, 0.8654353552567179, 0.8795426013604912, 0.8951675491448751, 0.9000316890662216, 0.8994597481016776, 0.9008138131419252, 0.8977964870024153, 0.9004808628844622, 0.9024209268896508, 0.9025566067848165, 0.9050797102545072, 0.9063798772891227, 0.907838925394503, 0.9040126813094131, 0.9069856096901885, 0.9077154029478751, 0.9079828222426741, 0.9057769908102629, 0.9048655290623082, 0.9033547216977794, 0.9014479396055273, 0.8994324165749875, 0.9015426395225175, 0.8989112498511835, 0.8963933328714787, 0.8927917065156404, 0.8919465632925293]}}