{"validation_0": {"logloss": [0.6637540162115019, 0.6396643590441969, 0.6197445850256224, 0.6026569224962632, 0.5881305899644313, 0.5757931093956062, 0.5646904425320122, 0.5552986399794012, 0.5464759943970703, 0.5385933387410906, 0.5315429005923487, 0.5248740359223917, 0.5190248216228025, 0.5135017985183846, 0.5085876071040497, 0.50208937301203, 0.49743323407565465, 0.49343596099309134, 0.48864933884523937, 0.48472653730734533, 0.475144506911314, 0.4706525490429729, 0.4655272964877257, 0.4626962234340103, 0.4596266474815306, 0.4522340985704502, 0.4486941036406377, 0.4447588607761631, 0.4402058167380988, 0.435228620716242, 0.43242123737972593, 0.42982002580834505, 0.42561286996558484, 0.42246695306006365, 0.4202632599983451, 0.418066338839165, 0.41488812882185633, 0.41301027608166574, 0.41145222190689723, 0.41020743399439136, 0.41392817490283373, 0.4114967161246406, 0.4080000589540516, 0.40654071976102174, 0.40503000579825793, 0.4041107713524229, 0.402590147531351, 0.40126395957237626, 0.3990004872367842, 0.39704193543047983, 0.394686169551868, 0.39234519401379975, 0.39128149302454995, 0.3900793398238755, 0.3890276450533473, 0.3879111495081391, 0.39152467511683736, 0.392100814659507, 0.38898883092610564, 0.38542949668151005, 0.3858553132123708, 0.38758661464021227, 0.3866382552862561, 0.38523173028858215, 0.38416040734023205, 0.3811060532973035, 0.3800277053315179, 0.37901304505296296, 0.3782377597530058, 0.3776271123350588, 0.3766936128224863, 0.3759020638531596, 0.37522124792615985, 0.374050956936569, 0.3728111692618655, 0.37146991627640585, 0.3707699294605294, 0.370028070958611, 0.36918983436745256, 0.36788962579689205, 0.36904249791917615, 0.3684430314266649, 0.3676798208935881, 0.3672695821517945, 0.36663794980511716, 0.3659823875777156, 0.3652737378856299, 0.36437838139488443, 0.3640229028703428, 0.3629285417452985, 0.36191463614497454, 0.3614710907818033, 0.3628995939884973, 0.36233251866708643, 0.3617721350854119, 0.35927446784114264, 0.3577065748150282, 0.357178347753854, 0.35695943633904986, 0.356558889002024, 0.3562049917632022, 0.36033403365503647, 0.3560927686404712, 0.35909382380271193, 0.35808575372656487, 0.3575858255428579, 0.3565663836043016, 0.35536934753682775, 0.35485076819759254, 0.3543716322893675, 0.35555416962875797, 0.35488158940426767, 0.3547006387860037, 0.3541436970983037, 0.35377347596875663, 0.353398271101024, 0.3512309011514901, 0.35364032616598795, 0.3531062406122267], "error": [0.2616279069767442, 0.2608406007751938, 0.2608406007751938, 0.2608406007751938, 0.2608406007751938, 0.2538154069767442, 0.2538154069767442, 0.24945494186046513, 0.24860707364341086, 0.24860707364341086, 0.2366763565891473, 0.24866763565891473, 0.24454941860465115, 0.23952277131782945, 0.23255813953488372, 0.22922722868217055, 0.22765261627906977, 0.22595687984496124, 0.22262596899224807, 0.2212936046511628, 0.2129360465116279, 0.20833333333333334, 0.20457848837209303, 0.20597141472868216, 0.20251937984496124, 0.1977955426356589, 0.19700823643410853, 0.19561531007751937, 0.19609980620155038, 0.1950702519379845, 0.19373788759689922, 0.1904675387596899, 0.1904675387596899, 0.18992248062015504, 0.18865067829457363, 0.18556201550387597, 0.18604651162790697, 0.1821705426356589, 0.18162548449612403, 0.18035368217054262, 0.17708333333333334, 0.17605377906976744, 0.1744186046511628, 0.17284399224806202, 0.1739341085271318, 0.17223837209302326, 0.17120881782945738, 0.17066375968992248, 0.1693919573643411, 0.16848352713178294, 0.16781734496124032, 0.16624273255813954, 0.16539486434108527, 0.16412306201550386, 0.16309350775193798, 0.16224563953488372, 0.16194282945736435, 0.16139777131782945, 0.16097383720930233, 0.1595203488372093, 0.15788517441860464, 0.15764292635658914, 0.15709786821705427, 0.15522044573643412, 0.15406976744186046, 0.1537063953488372, 0.15267684108527133, 0.15164728682170542, 0.1514656007751938, 0.1514656007751938, 0.1499515503875969, 0.14970930232558138, 0.14989098837209303, 0.1507388565891473, 0.15031492248062014, 0.14746850775193798, 0.1466812015503876, 0.1458938953488372, 0.1463783914728682, 0.1451671511627907, 0.14431928294573643, 0.1434108527131783, 0.14244186046511628, 0.1421390503875969, 0.14207848837209303, 0.14165455426356588, 0.14044331395348839, 0.14020106589147288, 0.14050387596899225, 0.14001937984496124, 0.13929263565891473, 0.13844476744186046, 0.1376574612403101, 0.1373546511627907, 0.1371124031007752, 0.13650678294573643, 0.1357800387596899, 0.13620397286821706, 0.13620397286821706, 0.1357800387596899, 0.1352955426356589, 0.13523498062015504, 0.13408430232558138, 0.13414486434108527, 0.133296996124031, 0.13323643410852712, 0.13250968992248063, 0.1320857558139535, 0.13166182170542637, 0.13166182170542637, 0.13202519379844962, 0.1320857558139535, 0.13214631782945738, 0.13141957364341086, 0.13135901162790697, 0.13148013565891473, 0.1310562015503876, 0.1303294573643411, 0.12990552325581395], "auc": [0.8046519473682437, 0.8068114401138021, 0.8068114401138021, 0.8223409956796173, 0.8242007942025593, 0.8312843675248802, 0.8359419347573038, 0.8435564903790823, 0.8448323289768772, 0.8477791174818855, 0.8499450963831711, 0.8520204603061463, 0.8550238445645287, 0.8552663473664083, 0.8569189124784767, 0.8612028344882932, 0.8623805718191947, 0.8641263699044022, 0.8681024863199842, 0.8690145192375334, 0.8769229594866624, 0.8798662769423473, 0.883147389270107, 0.8837189284276542, 0.8845794103796171, 0.8893713410488778, 0.8911083659098421, 0.8932421493578698, 0.8956260469129671, 0.8980030170772538, 0.8990158869192139, 0.901101899315537, 0.9027524715158118, 0.9040879577429749, 0.905450844668822, 0.9062979351360012, 0.9074563243084923, 0.9084370575285391, 0.9087522832260938, 0.9096556238124985, 0.9113658583499776, 0.9121870262560025, 0.9136686274810594, 0.9144644317237024, 0.9148047784053431, 0.9156708272732759, 0.9168344671432603, 0.9174144706604923, 0.9185369947746147, 0.919074551476816, 0.9197427064098088, 0.920413567584647, 0.92125784150121, 0.9221773239377519, 0.9226779786791384, 0.9231296489723407, 0.923669360372533, 0.9237894645622557, 0.9246715008480465, 0.9257636385727533, 0.9262984081400107, 0.9267105437697334, 0.9270655100404734, 0.9279086367458195, 0.9282717290960136, 0.928688144706046, 0.929371544311173, 0.9299462530074032, 0.9301646202502165, 0.9303177508859375, 0.9309244197100477, 0.9313889740676875, 0.9318243480784735, 0.9318741046880537, 0.932169996935034, 0.9328833490484111, 0.9332947051628196, 0.9335999957170781, 0.9338356373134096, 0.9344434533487368, 0.934900065474874, 0.9352138865740798, 0.9355921500572274, 0.9358418229292135, 0.9362283448623403, 0.9365086247412836, 0.9368834980682066, 0.9369744366189114, 0.9371863177059976, 0.9373659592163177, 0.9378773359702326, 0.938072744280869, 0.9383993464896594, 0.938626876714373, 0.9388314185912373, 0.9389792911755469, 0.9395309085690751, 0.939552595273428, 0.9396940920107814, 0.9398905078081916, 0.9400255772211623, 0.9404107386794484, 0.9408107844678838, 0.9408991565011864, 0.9412735076999272, 0.9414508106643049, 0.9417637051698353, 0.9420645686654229, 0.9423336117575736, 0.9424100925053764, 0.9423843023147472, 0.94267314215431, 0.942784524597216, 0.9429861543225293, 0.9430500525165351, 0.9430998826652958, 0.9433005784430158, 0.943590227213565, 0.9437553079661303],